Under the Clouds,10.0
Windward Land,10.0
Õnne 13,8.0
Statesmen,8.0
Bachelor Party,7.5
The Class: Life After,7.2
Wikman's Boys,7.0
Revenge Office,6.0
Kid Detectives and the Secret of the White Lady,0.0
Wigla Show,0.0
Ulmefilm.. kas sina oled valmis ärkama?,0.0
Kliinikum,0.0
EnsV (Eesti nüüd siis Vabariik),0.0
Lotte's Stories,0.0
Love,0.0
Tuta asjad,0.0
Padjaklubi,0.0
Wigla Show,0.0
Süü,0.0
Pätu,0.0
Eyewitness,0.0
Impulse,0.0
Wigla Show,0.0
Families At The Crossroads,0.0
Süü,0.0
Free Throws,0.0
Women's War,0.0
The Camp,0.0
Melchior, der Apotheker,0.0
Legend eluajal,0.0
Naised Vormis,0.0
Alpine House,0.0
Traitor,0.0
Jürgensonid,0.0
Ühikarotid,0.0
Crazy Radio,0.0
Tüdrukute Õhtu,0.0
Black Widows,0.0
THE BEST PARTNER,0.0
11,000 Years Later,0.0
Beach House,0.0
Musta kivi saladus,0.0
Villa,0.0
Mood Breaker,0.0
Wigla Show,0.0
Eyewitness,0.0
Süü,0.0
The Bank,0.0
Süü,0.0
Families At The Crossroads,0.0
