حاير طاير,10.0
Salamat Abu Al Banat,10.0
The World's Most Famous Tales,9.0
The Chief of Merchants' Daughter,9.0
مسيرتي: جورج وسوف,9.0
خرزة زرقا,8.5
كف ودفوف,8.0
El Mal We El Banon,8.0
الزعيم,8.0
Sit Al-Hosn,7.7
الشك,7.0
Safe Zone,7.0
غربة البن,6.0
البريئة,4.0
Yoyo,2.0
أبو حنيفة النعمان,0.0
ستوديو 21,0.0
أهل الراية,0.0
الفراجنة كامل,0.0
سما عالية,0.0
الشحرورة,0.0
The Building,0.0
مفتاح صول,0.0
العتاوية,0.0
بيت جدي,0.0
Zemen,0.0
Kaleem Allah,0.0
Bou Habash,0.0
باب الحارة 11 (حارة الصالحية),0.0
Hayat,0.0
The Prophet Adam,0.0
حي السيده زينب,0.0
ستانداب سكتش,0.0
Little Chef,0.0
يا أنا يا جدو,0.0
إمام الدعاة,0.0
Customs de légende,0.0
صانع الأحلام,0.0
كرميل,0.0
home masks,0.0
ابو العروسة ابو العروسة,0.0
نبض مؤقت,0.0
حين رأت,0.0
The Cave,0.0
طاقة حب,0.0
زوج تحت الإقامة الجبرية,0.0
زمن البرغوث,0.0
ديستوبيا,0.0
