Title = Tensou Sentai Goseiger, popularity = 10.0
Title = Young MacGyver, popularity = 10.0
Title = Hitman's Curse, popularity = 10.0
Title = Power Rangers Dino Force Brave, popularity = 10.0
Title = WWE Confidential, popularity = 10.0
Title = Фаворский, popularity = 10.0
Title = Battle Fever J, popularity = 10.0
Title = Tunadas, popularity = 10.0
Title = Uchuu Sentai Kyuranger: High School Wars, popularity = 10.0
Title = Gardalul, popularity = 10.0
Title = Aghazadeh, popularity = 10.0
Title = Guardian Angels, popularity = 10.0
Title = Daitetsujin 17, popularity = 10.0
Title = Blood-Stained Intrigue, popularity = 10.0
Title = Choujin Barom-1, popularity = 10.0
Title = Choukou Senshi Changerion, popularity = 10.0
Title = Ultraman Chronicle D, popularity = 10.0
Title = 仮面ライダーカブト, popularity = 10.0
Title = Kaal Bhairav Rahasya, popularity = 10.0
Title = Kikaider 01, popularity = 10.0
Title = Silver Kamen, popularity = 10.0
Title = Força de Elite, popularity = 10.0
Title = Terra Brasil - Trilhas, popularity = 10.0
Title = King of the Braves GaoGaiGar FINAL, popularity = 10.0
Title = ESPN College Football Thursday Primetime, popularity = 10.0
Title = Bakutsuri Bar Hunter, popularity = 10.0
Title = Mega Man Star Force, popularity = 10.0
Title = Meteor, popularity = 10.0
Title = Stan Lee's Superhero Kindergarten, popularity = 10.0
Title = A Soldier's Heart, popularity = 10.0
Title = The Adventures of Agent Marlon, popularity = 10.0
Title = Lutung Kasarung, popularity = 10.0
Title = Ultraman Chronicle: ZERO & GEED, popularity = 10.0
Title = Space Ironmen Kyodain, popularity = 10.0
Title = Patrulha Salvadora, popularity = 10.0
Title = Iron King, popularity = 10.0
Title = Dead Fantasy, popularity = 10.0
Title = Serendipity The Pink Dragon, popularity = 10.0
Title = Zettai Muteki Raijin Ou, popularity = 10.0
Title = Topíssima, popularity = 10.0
Title = اختيار إجباري, popularity = 10.0
Title = Blue Blink, popularity = 10.0
Title = Keisatsu Sentai Patranger feat. Kaitou Sentai Lupinranger: The Other Patren #2, popularity = 10.0
Title = NFL Rush Zone, popularity = 10.0
Title = Jaan'nisar, popularity = 10.0
Title = Sengoku Basara - Moonlight Party, popularity = 10.0
Title = Round Vernian Vifam, popularity = 10.0
Title = The Skinner Boys: Guardians of the Lost Secrets, popularity = 10.0
Title = Spider Riders, popularity = 10.0
Title = The Legend of the Ancient Soul, popularity = 10.0
