Hitman's Curse,10.0
Bodyguards,10.0
Сеструха,10.0
Другие,10.0
Talk,10.0
Nothing Happens Twice,10.0
Колотушка,10.0
Пять минут тишины,10.0
Tetya Marta,10.0
Фаворский,10.0
33 square meters,10.0
Импровизаторы,10.0
Горячая точка,10.0
Ниро Вульф и Арчи Гудвин,10.0
Барабашка,10.0
МУР есть МУР,10.0
Глухарь. Возвращение,10.0
Карпов,10.0
Вернуть любой ценой,10.0
The Romanovs,10.0
Fetch!,10.0
Как закалялся стайл,10.0
Headshot,10.0
Con Stars,10.0
Я тебе не верю,10.0
Изи катка,10.0
Fashion Syndicate,10.0
Неизвестный,10.0
Priklyucheniya soldata Ivana Chonkina,10.0
Life Sucks,10.0
Герои Энвелла,10.0
The Sinner,10.0
Hello, It's Your Time!,10.0
Качели,10.0
The Mojicons,10.0
Ведьма,10.0
Алёша,10.0
Первый парень на деревне,10.0
Исчезнувшие,10.0
On the Edge,10.0
Возвращение,10.0
Ухожу красиво,10.0
Namedni,10.0
Тест на беременность,10.0
Люди Хэ,10.0
Кабачок ""13 стульев"",10.0
Русские,10.0
The Great War,10.0
Слепой,10.0
Государственная граница 2,10.0
