Viza za budućnost,bs,10,00
Tender,bs,10,00
"Crazy, Confused, Normal",bs,8,50
On the Edge of Reason,bs,7,00
Dream Team,bs,7,00
Kotlina,bs,6,50
Good Morning Neighbors,bs,5,00
Kaljave gume,bs,1,00
Bogu iza nogu,bs,1,00
Nadreality Show,bs,0,00
Sumnjiva lica,bs,0,00
Kad Sam Bio Vojnik,bs,0,00
Kazneni Prostor,bs,0,00
Gorcilo - Jesi li to dosao da me vidis,bs,0,00
Dolina Sunca,bs,0,00
Folk,bs,0,00
I Know Your Soul,bs,0,00
Tunel,bs,0,00
Drugo Stanje,bs,0,00
Gore dole,bs,0,00
Memoirs of the Milic Family,bs,0,00
Kri