Wanna Have A Good Time,10.0
Dance Plus,10.0
Kahaan Hum Kahaan Tum,10.0
Kuch Rang Pyar Ke Aise Bhi,10.0
Dil Toh Happy Hai Ji,10.0
Cheesecake,10.0
Ishq Aaj Kal,10.0
Pinaki & Happy - The Bhoot Bandhus,10.0
Oye! It's Friday!,10.0
Dance With Me,10.0
Dil Se Dil Tak,10.0
Vighnaharta Ganesh,10.0
itna karo na mujhe pyaar,10.0
Pyaar Kii Ye Ek Kahaani,10.0
कुछ तो है तेरे मेरे दरमियां,10.0
koi laut ke aaya hai,10.0
aadhe adhoore,10.0
Tamas,10.0
Saraswatichandra,10.0
Qayamat Ki Raat,10.0
Madhuri Talkies,10.0
India's Best Dancer,10.0
Simply Baatein With Raveena,10.0
Janam Janam Ka Saath,10.0
Up Close & Personal with PZ,10.0
Tere Mere Beach Mein,10.0
Aangan Aapno Kaa,10.0
Rakshak India's Braves,10.0
YourPritam Podcast,10.0
Comedy Nights Bachao,10.0
Bandini,10.0
Fanaa: Ishq Mein Marjawa,10.0
Jaana Na Dil Se Door,10.0
Punar Vivah - Zindagi Milegi Dobara,10.0
Sur Kshetra,10.0
Bandbudh Aur Budbak,10.0
Crackdown,10.0
Woh To Hai Albelaa,10.0
Naamkarann,10.0
State of Siege 26/11,10.0
Buddha: Rajaon ka Raja,10.0
Geet Hui Sabse Parayi,10.0
Pati Patni Aur Panga,10.0
Ek Bhram - Sarvagun Sampanna,10.0
Dahleez,10.0
Kyun Utthe Dil Chhod Aaye ?,10.0
Ek Hasina Thi,10.0
Mehndi Hai Rachne Waali,10.0
Yehh Jadu Hai Jinn Ka!,10.0
Chupke Chupke,10.0
