Sevdam Alabora,10.0
Esaret,10.0
Fırıldak Ailesi,10.0
You'll Never Know,10.0
Uzayın Kalıntıları,10.0
Al Sancak,10.0
Ana,10.0
Afara,10.0
Hiç,10.0
Barbaros Hayreddin Sultanin Fermani,10.0
Elkızı,10.0
Her Fall Doesn't Cry,10.0
Londra Merkez,10.0
Şevkat Yerimdar,10.0
103 Goal,10.0
Seni Kalbime Sakladım,10.0
Baştan Başla,10.0
Selim I,10.0
Doğu Demirkol ile Alelade Show,10.0
Küresel Tehdit Kovid-19,10.0
Aşk Emek İster,10.0
Yardımcı Oyuncu,10.0
Pars: Narkoterör,10.0
Koyu Beyaz,10.0
Çılgın Dersane Üniversitede,10.0
Tarikat,10.0
Rol Kes,10.0
Sara's Istanbul Delights,10.0
Ulak,10.0
Bartu ben,10.0
Fandom,10.0
Süper 1 Takım,10.0
Cesur Kuşku,10.0
Nasıl Evde Kaldım,10.0
Büyük Tıkınma,10.0
Lost in Love,10.0
Evlilik Hakkında Her Şey,10.0
53-61,10.0
Şehir Efsanesi,10.0
Darmaduman,10.0
Maviye Sürgün,10.0
Kod Adı,10.0
Oyunlar Holding,10.0
Death Time,10.0
Once Upon a Time in Cyprus,10.0
The Tropical,10.0
Day Zero,10.0
Kuzgun: Dipsiz Karanlık,10.0
Tek Yürek,10.0
Gri Kedi,10.0
