Blood-Stained Intrigue,cn,10,00
Men Don't Cry,cn,10,00
Ghetto Justice,cn,10,00
Ladies Of The House,cn,10,00
You Only Live Twice,cn,10,00
Forensic Heroes V,cn,10,00
Wishful Living,cn,10,00
外来媳妇本地郎,cn,10,00
Get on a Flat,cn,10,00
The Foundation,cn,10,00
Here We Go Again,cn,10,00
Brutally Young,cn,10,00
To Love With Love,cn,10,00
Holland Fun,cn,10,00
Hipster Tour - Iceland,cn,10,00
Hipster Tour - Scandinavia,cn,10,00
Inspiring Journeys,cn,10,00
Solo World,cn,10,00
Helen Osaka,cn,10,00
The New Heavenly Sword and Dragon Sabre,cn,10,00
A Bride for a Ride,cn,10,00
Behind Silk Curtains,cn,10,00
Seoul Searching,cn,10,00
Super Trio Maximus,cn,10,00
Pilgrimage of Wealth,cn,10,00
Super Trio Game Master,cn,10,00
Pilgrimage of Wealth 2,cn,10,00
Super Trio Supreme,cn,10,00
File Of Justice,cn,10,00
Open Mind,cn,10,00
Movie Buff Championship,cn,10,00
The Super Trio Show,cn,10,00
The Super Trio Mega Show,cn,10,00
Super Trio Show (Sr.2),cn,10,00
Hipster Tour - Olympic Winter Games Beijing 2022,cn,10,00
Sidewalk Sc