The Fierce Wife 2018,10.0
The Cupid Coach,10.0
House of the Dark Shadows,10.0
Love Poison,10.0
What If,10.0
My Beloved (?) In-law,10.0
Princess Hours,10.0
Slam Dance the Series,10.0
ใต้ปีกปักษา,10.0
Top Secret Together The Series,10.0
ความรักครั้งสุดท้าย,10.0
Paragit Ruk Series,10.0
You Are My Heartbeat,10.0
Why You… Y Me?,10.0
The Curse of Saree,10.0
Love Advisor,10.0
Absolute Zero,10.0
The Next Iron Chef Thailand,10.0
Iron Chef Thailand,10.0
Bang Rak Soi 9/1,10.0
Plerng Nang,10.0
Night Dream,10.0
Night Dream,10.0
On Cloud Nine,10.0
Coin Digger,10.0
Bang Ruk Soi 9,10.0
ดวงใจพิสุทธิ์,10.0
Self,10.0
Saneha Stories 3: Saneha Maya,10.0
You Never Eat Alone,10.0
Art of The Devil,10.0
Love in Translation,10.0
Skinship,10.0
Playboyy The Series,10.0
A Bond of Love,10.0
Brothers: The Series,10.0
55:15 Never Too Late,10.0
MoviePaPai,10.0
True Horror Stories,10.0
World of Himmapan,10.0
Dare to Love,10.0
The Debut,10.0
Tie Me (K)not,10.0
Theptida Pla Rah,10.0
Bangkok Vampire,10.0
When I Marry A Stranger,10.0
My Life is to Kill,10.0
Twenty Hacker,10.0
The Yearbook,10.0
Deja Vu,10.0
