Até o Fim - Flamengo Campeão da Libertadores 2019,10.0
The Slave Mother,10.0
Rest Home,10.0
Conexão Models,10.0
Fazendas Históricas,10.0
Destino: São Paulo,10.0
Tunadas,10.0
Transplantes,10.0
Eu, a Vó e a Boi,10.0
O Fura-Vidas,10.0
Os C&D,10.0
À Brasileira,10.0
Mister Brau,10.0
DH - Divisão de Homicídios,10.0
Guardian Angels,10.0
Another Power,10.0
Crimes Perversos,10.0
Douglas Ferregui's Like Me,10.0
Scared Sims,10.0
VALE DICERE,10.0
asfolhas,10.0
VALE DICERE,10.0
Amoreal.com,10.0
Força de Elite,10.0
Terra Brasil - Trilhas,10.0
Sou Corinthians,10.0
Beyond the Island,10.0
Club D30,10.0
A Guerra do Brasil,10.0
Boo! A Call for Adventure,10.0
Mundo Ripilica: As Aventuras de Lilica, a Coala,10.0
Los Supergenios de la Mesa Cuadrada,10.0
Frágil,10.0
Os Hermanos Perdidos no Brasil,10.0
Os Sonhos Não Têm Teto,10.0
VALE DICERE,10.0
Extremos da Cidade,10.0
RACCORD,10.0
VALE DICERE,10.0
Chacrinha: A Minissérie,10.0
Patrulha Salvadora,10.0
A Mim, Nunca.,10.0
5Starz,10.0
Mulheres em Ação,10.0
Mandacaru,10.0
A História do Cristianismo Como Você Nunca Viu,10.0
Topíssima,10.0
Vítimas Digitais,10.0
O Enigma,10.0
O Dono do Lar,10.0
