LOL: Last One Laughing Colombia,es,10,00
Art Attack: Challenge Mode,es,10,00
8 Days: To the Moon and Back,es,10,00
Odisea Burbujas,es,10,00
Bichos Raros,es,10,00
Séptima puerta,es,10,00
"Spanish National Team, Strength of the Group",es,10,00
Scott y Milá,es,10,00
Sandro de América,es,10,00
The Adventures of Agent Marlon,es,10,00
Luz María,es,10,00
Inglés sin Barreras (2007),es,10,00
Hipnotízame,es,10,00
Mujer Comprada,es,10,00
Tabú de Jon Sistiaga,es,10,00
La casita sobre la roca,es,10,00
Amar otra vez,es,10,00
La Casa Fuerte,es,10,00
El Libro de la Chacra,es,10,00
Imprescindibles,es,10,00
Amor Sincero,es,10,00
Guadalupe,es,10,00
CMFU Academy: King of Billiards,es,10,00
Documentos TV,es,10,00
Romeo y Julieta,es,10,00
Aulaga. Senderos del Atlántico,es,10,00
H8ters,es,10,00
Reyes de la Canción,es,10,00
Buen camino,es,10,00
Ruta ibérica,es,10,00
¡Allá tú! (2023),es,10,00
Mortadelo y Filemón. Cortos animados,es,10,00
Nerfeadas,es,10,00
XY The Magazine,es,10,00
Sin Verguenza,es,10,00
Mr. Trance,es,10